customerID,gender,SeniorCitizen,tenure,PhoneService,InternetService,MonthlyCharges,TotalCharges,Churn
CUST00001,Male,1,8,No,Fiber optic,93.97,734.67,Yes
CUST00002,Male,1,9,No,Fiber optic,68.92,590.55,No
CUST00003,Male,0,43,Yes,DSL,30.1,989.28,No
CUST00004,Female,0,0,Yes,DSL,81.44,,No
CUST00005,Male,0,2,No,Fiber optic,62.83,107.35,No
CUST00006,Male,1,58,Yes,DSL,59.9,2923.85,No
CUST00007,Female,0,40,No,DSL,61.99,2370.08,No
CUST00008,Female,0,1,No,DSL,107.01,105.48,Yes
CUST00009,Male,0,12,Yes,Fiber optic,20.65,242.69,No
CUST00010,Female,0,2,No,DSL,92.12,190.52,Yes
CUST00011,Male,1,22,Yes,DSL,69.6,1747.28,No
CUST00012,Female,0,38,Yes,DSL,73.68,2882.07,No
CUST00013,Male,0,18,Yes,Fiber optic,71.14,1287.22,No
CUST00014,Female,0,48,No,No,21.48,,No
CUST00015,Female,1,4,No,Fiber optic,104.58,445.46,Yes
CUST00016,Male,0,26,No,DSL,57.9,1446.92,No
CUST00017,Female,0,23,Yes,DSL,44.75,877.0,No
CUST00018,Male,0,10,Yes,DSL,90.47,846.22,Yes
CUST00019,Male,0,12,No,No,71.78,911.37,No
CUST00020,Female,0,15,No,Fiber optic,72.35,1216.46,No
CUST00021,Male,1,5,Yes,Fiber optic,95.66,470.73,Yes
CUST00022,Female,0,15,No,Fiber optic,78.72,1074.94,Yes
CUST00023,Male,0,58,Yes,DSL,51.81,2606.37,No
CUST00024,Male,0,19,Yes,No,59.33,1005.44,No
CUST00025,Female,1,10,No,DSL,91.64,912.78,Yes
CUST00026,Female,0,14,No,Fiber optic,66.92,1048.25,No
CUST00027,Female,0,6,No,DSL,101.05,613.07,Yes
CUST00028,Female,1,0,Yes,No,94.55,,No
CUST00029,Female,0,65,Yes,No,76.59,4685.17,No
CUST00030,Female,0,22,No,DSL,79.65,1957.46,No
CUST00031,Female,0,18,Yes,DSL,86.28,1614.83,No
CUST00032,Male,1,32,No,DSL,45.83,1402.7,Yes
CUST00033,Male,0,47,Yes,DSL,20.85,900.76,No
CUST00034,Male,1,64,Yes,DSL,82.92,4990.33,Yes
CUST00035,Male,0,1,No,Fiber optic,106.73,97.2,No
CUST00036,Male,0,8,Yes,Fiber optic,105.95,819.1,Yes
CUST00037,Male,0,22,Yes,Fiber optic,89.53,,No
CUST00038,Male,0,62,No,Fiber optic,20.97,1753.32,No
CUST00039,Female,0,61,Yes,Fiber optic,20.51,1765.22,No
CUST00040,Female,0,40,Yes,DSL,61.78,2116.84,No
CUST00041,Female,0,3,No,No,105.86,335.67,No
CUST00042,Male,0,20,No,No,87.79,1791.24,No
CUST00043,Male,0,66,Yes,Fiber optic,42.17,3269.44,No
CUST00044,Male,1,51,No,DSL,43.83,1852.69,No
CUST00045,Female,0,21,Yes,Fiber optic,90.56,1752.29,No
CUST00046,Female,0,63,Yes,No,48.06,3586.05,No
CUST00047,Male,0,3,No,DSL,60.21,161.31,No
CUST00048,Female,0,5,Yes,Fiber optic,94.58,426.44,No
CUST00049,Female,0,26,Yes,Fiber optic,35.3,661.5,No
CUST00050,Male,1,32,No,Fiber optic,49.38,1559.06,No
CUST00051,Female,1,21,No,DSL,71.42,1540.05,No
CUST00052,Male,0,4,Yes,DSL,99.07,368.01,Yes
CUST00053,Female,0,45,Yes,DSL,78.13,3445.72,No
CUST00054,Female,0,68,Yes,No,97.8,5994.19,No
CUST00055,Male,0,8,No,Fiber optic,91.04,771.87,Yes
CUST00056,Female,0,67,No,Fiber optic,56.83,4001.15,No
CUST00057,Female,0,49,Yes,DSL,42.15,1689.31,No
CUST00058,Female,1,29,Yes,Fiber optic,93.29,2572.52,No
CUST00059,Male,0,7,No,Fiber optic,85.32,650.58,Yes
CUST00060,Male,0,5,Yes,No,108.33,582.96,Yes
CUST00061,Female,0,44,Yes,DSL,87.75,3686.59,No
CUST00062,Female,0,0,No,Fiber optic,63.8,,No
CUST00063,Male,0,2,No,DSL,104.82,199.85,Yes
CUST00064,Female,0,7,Yes,No,82.25,620.87,Yes
CUST00065,Female,0,43,No,DSL,65.0,2402.7,No
CUST00066,Female,0,8,Yes,Fiber optic,84.09,746.23,Yes
CUST00067,Male,0,6,Yes,No,79.33,480.05,Yes
CUST00068,Female,0,69,Yes,Fiber optic,77.48,4962.68,No
CUST00069,Male,0,11,No,Fiber optic,89.79,883.42,No
CUST00070,Female,0,3,No,No,108.33,308.01,Yes
CUST00071,Female,1,54,Yes,DSL,44.37,2588.69,No
CUST00072,Female,1,2,Yes,Fiber optic,61.14,132.33,No
CUST00073,Male,0,2,Yes,DSL,70.22,136.76,Yes
CUST00074,Male,0,64,Yes,DSL,82.73,5545.95,No
CUST00075,Male,0,18,No,Fiber optic,51.21,900.53,No
CUST00076,Male,1,60,Yes,Fiber optic,84.92,4904.77,No
CUST00077,Female,0,13,No,Fiber optic,93.35,1343.14,No
CUST00078,Female,0,10,Yes,Fiber optic,69.25,714.48,Yes
CUST00079,Male,0,11,No,Fiber optic,64.94,711.9,No
CUST00080,Male,0,0,Yes,No,91.78,,Yes
CUST00081,Female,1,13,No,Fiber optic,23.66,254.86,Yes
CUST00082,Male,0,8,Yes,Fiber optic,97.86,730.93,Yes
CUST00083,Female,0,8,No,Fiber optic,85.1,632.86,Yes
CUST00084,Female,0,9,No,No,66.08,680.09,No
CUST00085,Male,0,34,No,Fiber optic,65.73,2540.14,No
CUST00086,Male,0,30,No,Fiber optic,29.22,678.12,No
CUST00087,Female,1,47,No,DSL,82.15,3733.16,No
CUST00088,Female,0,53,No,Fiber optic,40.1,1759.59,No
CUST00089,Female,0,16,Yes,Fiber optic,86.7,1375.04,No
CUST00090,Male,0,16,Yes,Fiber optic,66.23,908.81,Yes
CUST00091,Female,0,42,Yes,DSL,93.81,3652.64,No
CUST00092,Male,0,10,No,Fiber optic,79.44,872.3,Yes
CUST00093,Female,0,5,Yes,Fiber optic,77.72,385.6,Yes
CUST00094,Female,0,4,No,DSL,77.08,288.27,Yes
CUST00095,Female,1,43,No,Fiber optic,36.73,1380.88,No
CUST00096,Male,0,2,Yes,Fiber optic,107.7,232.89,Yes
CUST00097,Male,0,54,No,Fiber optic,38.5,2323.72,No
CUST00098,Male,0,53,No,Fiber optic,32.02,2055.92,No
CUST00099,Male,0,11,No,Fiber optic,88.14,992.09,No
CUST00100,Male,0,68,Yes,DSL,69.53,,No
CUST00101,Male,0,11,Yes,DSL,88.1,942.59,No
CUST00102,Female,1,6,Yes,DSL,89.35,569.18,Yes
CUST00103,Male,0,9,No,DSL,99.08,924.33,Yes
CUST00104,Male,0,11,No,DSL,104.41,1164.8,Yes
CUST00105,Male,0,26,Yes,Fiber optic,97.56,2767.46,Yes
CUST00106,Female,0,57,Yes,Fiber optic,52.17,,Yes
CUST00107,Male,0,58,Yes,No,56.91,3172.28,No
CUST00108,Female,0,5,Yes,DSL,84.92,455.54,No
CUST00109,Female,1,34,No,DSL,92.62,3179.61,Yes
CUST00110,Male,0,33,Yes,Fiber optic,91.66,2879.52,No
CUST00111,Female,0,68,Yes,Fiber optic,78.01,5500.47,Yes
CUST00112,Female,0,22,Yes,Fiber optic,24.4,521.76,No
CUST00113,Female,1,11,Yes,DSL,106.82,1166.78,No
CUST00114,Female,1,60,No,Fiber optic,73.8,4440.75,No
CUST00115,Female,0,0,Yes,Fiber optic,95.24,,Yes
CUST00116,Male,0,47,Yes,Fiber optic,23.13,770.82,No
CUST00117,Female,1,51,Yes,Fiber optic,25.93,1514.48,No
CUST00118,Female,0,9,No,DSL,78.04,735.04,Yes
CUST00119,Female,0,33,No,Fiber optic,38.93,1452.44,No
CUST00120,Female,1,61,No,DSL,77.35,4982.11,No
CUST00121,Male,0,11,Yes,Fiber optic,69.52,852.22,Yes
CUST00122,Female,0,7,Yes,Fiber optic,100.48,649.35,Yes
CUST00123,Female,0,3,No,DSL,86.41,279.69,Yes
CUST00124,Male,0,57,No,DSL,82.4,4604.21,No
CUST00125,Female,0,10,Yes,Fiber optic,63.7,725.64,No
CUST00126,Male,0,9,No,DSL,71.21,694.39,No
CUST00127,Male,0,57,Yes,DSL,78.57,3958.42,No
CUST00128,Male,0,58,No,Fiber optic,26.49,1290.02,Yes
CUST00129,Male,0,15,No,Fiber optic,33.1,560.58,No
CUST00130,Male,0,65,No,Fiber optic,88.93,5954.61,No
CUST00131,Female,0,43,Yes,DSL,85.69,4041.61,No
CUST00132,Female,0,9,Yes,DSL,100.6,915.84,Yes
CUST00133,Male,1,6,Yes,DSL,85.66,573.37,No
CUST00134,Female,1,6,Yes,No,108.15,687.45,Yes
CUST00135,Male,0,9,No,No,87.11,751.93,Yes
CUST00136,Male,0,8,No,Fiber optic,85.94,633.99,No
CUST00137,Male,0,21,No,Fiber optic,73.55,1503.02,No
CUST00138,Male,1,58,No,Fiber optic,89.65,4975.39,Yes
CUST00139,Male,0,5,Yes,No,95.29,520.44,Yes
CUST00140,Female,0,14,Yes,DSL,88.15,1372.76,No
CUST00141,Male,0,0,No,Fiber optic,107.03,,Yes
CUST00142,Female,0,10,No,Fiber optic,99.16,1087.3,Yes
CUST00143,Male,0,22,Yes,No,79.07,1572.35,No
CUST00144,Male,1,2,Yes,Fiber optic,83.37,156.83,No
CUST00145,Male,0,53,Yes,DSL,29.58,2002.42,No
CUST00146,Male,0,54,Yes,DSL,27.18,1625.54,No
CUST00147,Female,1,5,Yes,DSL,85.66,387.73,No
CUST00148,Male,0,5,Yes,Fiber optic,73.26,327.67,Yes
CUST00149,Female,0,14,Yes,DSL,55.26,662.25,No
CUST00150,Female,0,48,No,Fiber optic,41.27,1798.75,No
CUST00151,Male,1,2,No,DSL,107.08,223.64,Yes
CUST00152,Female,0,11,No,DSL,104.28,,Yes
CUST00153,Female,1,12,No,Fiber optic,73.56,820.08,No
CUST00154,Male,0,4,No,DSL,84.48,,No
CUST00155,Male,0,51,Yes,Fiber optic,42.85,2215.67,No
CUST00156,Female,0,14,Yes,Fiber optic,82.31,1084.85,No
CUST00157,Male,0,24,No,Fiber optic,62.69,1676.8,No
CUST00158,Male,0,34,No,Fiber optic,44.21,1680.84,No
CUST00159,Male,0,26,No,No,42.69,1041.23,No
CUST00160,Male,0,4,No,Fiber optic,91.93,371.36,Yes
CUST00161,Male,0,52,Yes,DSL,75.69,3764.49,No
CUST00162,Male,1,51,No,DSL,58.49,2849.1,Yes
CUST00163,Female,0,5,No,Fiber optic,81.65,447.62,Yes
CUST00164,Female,0,45,No,Fiber optic,92.59,4222.05,Yes
CUST00165,Female,0,56,Yes,Fiber optic,42.8,2612.75,No
CUST00166,Male,0,12,Yes,No,25.27,317.63,No
CUST00167,Female,0,57,Yes,DSL,51.38,3170.88,No
CUST00168,Female,0,3,Yes,DSL,81.67,230.92,No
CUST00169,Female,0,6,Yes,DSL,93.66,504.63,Yes
CUST00170,Male,0,72,Yes,DSL,44.62,3222.31,No
CUST00171,Female,0,60,No,Fiber optic,64.96,4034.02,Yes
CUST00172,Male,0,56,No,DSL,99.84,5979.73,No
CUST00173,Female,0,32,No,Fiber optic,86.67,2951.47,No
CUST00174,Female,1,12,Yes,No,57.38,807.47,Yes
CUST00175,Male,0,12,No,Fiber optic,33.47,322.83,No
CUST00176,Female,0,55,No,No,64.45,3512.51,No
CUST00177,Female,0,70,No,Fiber optic,46.84,3109.09,Yes
CUST00178,Female,1,64,Yes,DSL,66.54,4695.95,No
CUST00179,Female,0,56,No,Fiber optic,49.69,2817.74,Yes
CUST00180,Female,1,5,No,No,109.07,541.64,No
CUST00181,Male,0,7,Yes,DSL,76.33,589.62,Yes
CUST00182,Female,0,8,Yes,No,68.77,504.43,No
CUST00183,Female,1,70,Yes,No,94.12,5973.5,No
CUST00184,Male,1,34,No,Fiber optic,52.22,1603.81,Yes
CUST00185,Female,0,15,No,No,59.27,880.48,No
CUST00186,Male,0,1,Yes,Fiber optic,75.05,65.46,Yes
CUST00187,Female,0,12,No,DSL,79.9,890.04,No
CUST00188,Male,0,3,No,DSL,61.62,191.7,No
CUST00189,Female,0,7,No,No,96.26,660.16,No
CUST00190,Male,1,28,No,Fiber optic,23.75,668.42,No
CUST00191,Female,1,6,Yes,No,102.26,588.23,Yes
CUST00192,Male,1,2,Yes,Fiber optic,103.44,195.81,Yes
CUST00193,Female,0,45,Yes,DSL,74.47,3703.27,No
CUST00194,Female,0,2,No,Fiber optic,71.37,159.81,No
CUST00195,Male,0,6,No,DSL,99.87,568.63,Yes
CUST00196,Male,0,41,Yes,DSL,31.96,1163.41,No
CUST00197,Female,0,46,No,Fiber optic,27.7,866.45,Yes
CUST00198,Male,0,0,No,Fiber optic,85.41,,No
CUST00199,Female,0,14,No,DSL,50.67,692.21,No
CUST00200,Male,0,6,No,DSL,101.42,549.17,Yes
CUST00201,Female,0,7,Yes,DSL,82.04,,Yes
CUST00202,Male,0,7,No,No,98.64,712.79,Yes
CUST00203,Female,1,41,No,DSL,92.9,4133.07,No
CUST00204,Male,0,66,Yes,DSL,68.6,4350.01,No
CUST00205,Male,1,1,No,DSL,61.15,61.57,No
CUST00206,Male,0,12,No,DSL,41.13,464.08,No
CUST00207,Female,0,5,No,DSL,63.89,303.18,No
CUST00208,Male,0,28,Yes,Fiber optic,43.0,1215.7,No
CUST00209,Male,0,24,Yes,DSL,97.41,2356.14,No
CUST00210,Female,0,10,Yes,Fiber optic,61.76,571.98,No
CUST00211,Female,0,18,Yes,No,62.19,960.19,No
CUST00212,Male,1,56,Yes,Fiber optic,39.17,1645.63,Yes
CUST00213,Male,0,54,Yes,Fiber optic,81.57,3903.73,Yes
CUST00214,Female,0,66,Yes,No,45.78,2443.62,No
CUST00215,Male,0,10,No,Fiber optic,108.86,1111.63,Yes
CUST00216,Male,0,15,Yes,Fiber optic,80.33,1285.54,Yes
CUST00217,Female,0,31,No,No,41.71,1561.89,No
CUST00218,Male,0,9,No,Fiber optic,97.6,961.72,No
CUST00219,Female,1,2,Yes,Fiber optic,63.85,139.72,No
CUST00220,Female,0,45,Yes,No,75.3,3093.65,No
CUST00221,Female,0,50,No,Fiber optic,44.13,2544.06,No
CUST00222,Male,0,8,No,DSL,84.65,696.8,Yes
CUST00223,Male,0,12,Yes,No,66.66,884.75,No
CUST00224,Female,0,12,Yes,No,82.35,889.08,No
CUST00225,Male,0,30,No,DSL,58.26,1802.66,No
CUST00226,Male,1,72,Yes,Fiber optic,29.87,2389.94,No
CUST00227,Male,0,4,Yes,DSL,72.13,284.03,No
CUST00228,Female,0,18,No,DSL,64.6,1182.64,No
CUST00229,Male,1,3,No,Fiber optic,86.48,235.9,No
CUST00230,Male,0,17,Yes,DSL,50.83,705.29,No
CUST00231,Female,0,61,Yes,Fiber optic,31.96,2364.53,No
CUST00232,Female,0,29,Yes,Fiber optic,36.31,1304.47,No
CUST00233,Male,0,34,No,DSL,32.07,970.76,No
CUST00234,Male,0,5,Yes,Fiber optic,68.95,309.24,No
CUST00235,Female,1,18,No,DSL,84.95,1590.71,No
CUST00236,Female,1,7,No,Fiber optic,89.76,639.88,No
CUST00237,Male,0,2,No,No,103.12,210.8,Yes
CUST00238,Male,0,55,No,DSL,20.25,957.03,No
CUST00239,Male,0,70,No,Fiber optic,33.09,2670.15,Yes
CUST00240,Male,0,56,No,No,34.87,2431.05,No
CUST00241,Female,1,6,Yes,No,74.4,421.28,No
CUST00242,Female,1,51,No,Fiber optic,45.7,1981.41,Yes
CUST00243,Male,0,4,Yes,DSL,64.67,263.04,No
CUST00244,Female,1,55,No,DSL,83.42,4199.02,Yes
CUST00245,Male,0,10,No,DSL,75.45,724.49,No
CUST00246,Male,0,12,No,DSL,49.04,548.97,No
CUST00247,Female,0,9,Yes,No,103.58,883.27,No
CUST00248,Female,0,4,No,DSL,81.57,343.46,Yes
CUST00249,Female,0,71,Yes,Fiber optic,82.01,6128.59,No
CUST00250,Female,0,55,Yes,Fiber optic,42.81,1889.73,No
CUST00251,Female,0,38,No,DSL,45.93,1778.89,No
CUST00252,Female,0,11,No,Fiber optic,104.47,1249.16,Yes
CUST00253,Female,1,23,Yes,Fiber optic,52.66,1025.99,No
CUST00254,Male,0,8,Yes,Fiber optic,86.82,629.78,No
CUST00255,Male,0,20,No,No,43.33,1065.26,No
CUST00256,Male,1,7,No,Fiber optic,77.44,593.69,No
CUST00257,Male,0,71,No,DSL,79.44,5547.69,No
CUST00258,Female,1,0,Yes,DSL,106.07,,No
CUST00259,Female,1,44,Yes,No,61.87,2922.35,No
CUST00260,Male,0,49,Yes,DSL,43.29,2108.0,No
CUST00261,Male,0,32,No,Fiber optic,98.27,2917.8,No
CUST00262,Female,0,10,No,Fiber optic,84.05,755.76,No
CUST00263,Male,1,10,No,Fiber optic,86.87,857.13,Yes
CUST00264,Female,0,23,No,Fiber optic,29.06,837.28,No
CUST00265,Female,0,1,Yes,Fiber optic,73.41,68.58,No
CUST00266,Female,0,14,No,No,81.25,1079.06,No
CUST00267,Male,0,12,No,DSL,75.42,916.13,No
CUST00268,Female,0,30,No,No,77.03,2331.3,No
CUST00269,Male,1,66,No,DSL,73.71,5318.66,No
CUST00270,Male,0,41,Yes,Fiber optic,79.0,3239.81,Yes
CUST00271,Male,1,4,No,Fiber optic,99.93,371.9,Yes
CUST00272,Male,0,16,Yes,DSL,92.21,1539.57,No
CUST00273,Female,0,10,No,DSL,89.64,910.42,No
CUST00274,Female,0,25,No,Fiber optic,25.67,581.98,No
CUST00275,Female,0,10,Yes,No,100.88,1087.42,Yes
CUST00276,Female,0,22,Yes,Fiber optic,63.4,1547.2,No
CUST00277,Female,0,49,No,Fiber optic,94.94,,Yes
CUST00278,Male,1,62,Yes,Fiber optic,71.52,4076.42,No
CUST00279,Male,0,67,No,DSL,91.91,5939.21,No
CUST00280,Male,0,14,No,Fiber optic,61.4,985.28,No
CUST00281,Female,1,9,Yes,DSL,97.16,928.18,No
CUST00282,Female,0,2,Yes,DSL,105.8,208.55,Yes
CUST00283,Female,0,27,No,DSL,56.77,1452.77,No
CUST00284,Female,0,16,Yes,DSL,64.91,1082.68,No
CUST00285,Male,0,8,Yes,DSL,97.63,794.73,No
CUST00286,Female,1,55,No,Fiber optic,30.33,,Yes
CUST00287,Female,0,17,Yes,Fiber optic,59.44,848.84,Yes
CUST00288,Male,0,26,No,Fiber optic,98.94,2476.28,No
CUST00289,Male,1,8,Yes,No,64.56,437.44,No
CUST00290,Female,0,11,No,Fiber optic,79.79,910.21,No
CUST00291,Female,0,14,No,No,32.26,370.02,No
CUST00292,Female,1,5,No,Fiber optic,90.17,459.51,No
CUST00293,Female,0,60,Yes,No,23.85,1150.0,No
CUST00294,Female,0,9,No,Fiber optic,89.43,743.96,No
CUST00295,Female,0,1,No,Fiber optic,60.2,53.56,No
CUST00296,Male,0,31,No,Fiber optic,94.47,2930.52,No
CUST00297,Male,0,51,No,DSL,87.69,4389.09,No
CUST00298,Male,0,55,No,DSL,25.76,892.45,No
CUST00299,Female,0,52,No,Fiber optic,64.44,3735.81,No
CUST00300,Male,0,61,No,DSL,62.22,4284.67,No
CUST00301,Female,0,16,Yes,DSL,87.66,1483.53,No
CUST00302,Male,0,44,No,No,22.44,829.09,No
CUST00303,Male,1,11,Yes,Fiber optic,74.1,883.14,Yes
CUST00304,Female,0,9,Yes,DSL,70.03,619.6,No
CUST00305,Female,0,9,Yes,No,88.33,,Yes
CUST00306,Female,0,12,Yes,No,62.49,652.2,No
CUST00307,Female,0,8,No,DSL,90.79,733.24,No
CUST00308,Female,0,0,No,Fiber optic,87.76,,Yes
CUST00309,Female,1,38,Yes,No,32.51,1362.7,No
CUST00310,Female,0,7,Yes,Fiber optic,61.79,406.5,No
CUST00311,Male,0,8,No,Fiber optic,108.27,882.74,Yes
CUST00312,Female,1,60,No,DSL,83.3,5000.06,No
CUST00313,Female,1,12,Yes,Fiber optic,81.72,999.4,Yes
CUST00314,Male,1,11,No,No,61.12,680.71,No
CUST00315,Female,0,51,No,Fiber optic,54.35,2440.86,No
CUST00316,Female,0,12,Yes,Fiber optic,29.75,326.22,No
CUST00317,Female,0,50,No,Fiber optic,87.39,4813.87,No
CUST00318,Female,1,1,No,DSL,67.5,71.11,No
CUST00319,Male,0,17,Yes,DSL,35.17,530.84,No
CUST00320,Male,1,54,Yes,Fiber optic,22.97,851.31,No
CUST00321,Female,1,2,No,DSL,87.29,159.47,Yes
CUST00322,Female,0,9,Yes,No,76.97,642.62,No
CUST00323,Male,0,31,Yes,DSL,30.68,655.78,No
CUST00324,Female,0,5,Yes,Fiber optic,93.32,487.26,Yes
CUST00325,Female,1,59,Yes,No,71.03,3903.96,No
CUST00326,Female,0,71,Yes,Fiber optic,28.74,1881.74,No
CUST00327,Male,0,53,Yes,Fiber optic,63.84,3393.61,No
CUST00328,Female,0,1,Yes,DSL,78.83,80.53,Yes
CUST00329,Male,0,10,Yes,Fiber optic,76.66,709.52,Yes
CUST00330,Female,1,64,No,No,95.82,5993.9,No
CUST00331,Female,0,42,Yes,No,47.27,1942.3,No
CUST00332,Female,0,7,No,Fiber optic,90.94,,Yes
CUST00333,Female,1,1,No,No,68.31,77.32,No
CUST00334,Female,1,31,No,DSL,41.95,1485.36,No
CUST00335,Male,1,3,Yes,Fiber optic,104.62,318.61,Yes
CUST00336,Female,0,2,Yes,DSL,61.91,122.81,No
CUST00337,Male,1,68,Yes,Fiber optic,98.5,6231.84,Yes
CUST00338,Male,0,34,Yes,DSL,86.56,3196.33,No
CUST00339,Female,0,7,Yes,Fiber optic,95.06,713.67,No
CUST00340,Male,0,29,Yes,Fiber optic,22.6,717.92,No
CUST00341,Male,0,22,No,Fiber optic,28.3,741.66,Yes
CUST00342,Female,0,71,Yes,No,44.23,2863.62,No
CUST00343,Female,0,62,Yes,DSL,37.73,2682.58,No
CUST00344,Male,0,3,Yes,Fiber optic,98.8,308.08,No
CUST00345,Male,0,13,Yes,Fiber optic,70.71,863.97,No
CUST00346,Female,0,58,Yes,DSL,84.0,5082.52,No
CUST00347,Male,1,20,No,No,72.33,1603.5,No
CUST00348,Female,1,53,Yes,DSL,95.41,5387.22,No
CUST00349,Female,0,33,No,Fiber optic,47.62,1542.38,No
CUST00350,Female,0,7,Yes,Fiber optic,91.91,,Yes
CUST00351,Female,0,12,Yes,Fiber optic,42.11,,No
CUST00352,Male,0,39,Yes,DSL,79.47,2801.17,No
CUST00353,Female,0,64,No,Fiber optic,85.88,6056.21,No
CUST00354,Male,0,11,Yes,Fiber optic,79.58,899.2,Yes
CUST00355,Male,1,41,Yes,Fiber optic,64.44,2344.16,Yes
CUST00356,Female,0,21,Yes,DSL,67.53,1225.22,No
CUST00357,Male,0,26,No,DSL,61.95,1534.04,No
CUST00358,Female,1,67,Yes,No,26.95,2406.33,No
CUST00359,Male,0,16,Yes,No,76.72,1222.01,No
CUST00360,Female,0,53,Yes,No,36.33,1398.46,No
CUST00361,Male,0,17,No,Fiber optic,67.54,1317.93,Yes
CUST00362,Female,0,10,Yes,No,85.05,943.52,No
CUST00363,Male,0,58,No,DSL,45.62,2194.4,No
CUST00364,Male,0,65,Yes,No,71.98,4079.67,No
CUST00365,Male,0,11,No,Fiber optic,100.59,1166.73,No
CUST00366,Female,0,22,Yes,Fiber optic,20.99,560.46,No
CUST00367,Female,0,71,No,DSL,92.41,6803.38,No
CUST00368,Male,0,24,Yes,DSL,85.79,2116.24,No
CUST00369,Female,0,36,No,No,42.65,,No
CUST00370,Female,0,9,Yes,DSL,102.33,860.03,Yes
CUST00371,Female,0,33,No,No,46.73,1341.49,No
CUST00372,Female,0,60,No,Fiber optic,29.26,1283.1,Yes
CUST00373,Female,0,1,Yes,DSL,87.97,81.06,No
CUST00374,Female,0,25,No,Fiber optic,23.78,694.13,No
CUST00375,Male,1,68,Yes,No,41.25,2807.57,No
CUST00376,Male,0,2,Yes,DSL,62.73,115.39,No
CUST00377,Male,0,9,No,No,83.05,665.48,Yes
CUST00378,Male,0,56,Yes,DSL,78.04,,No
CUST00379,Male,0,7,Yes,Fiber optic,93.84,621.13,Yes
CUST00380,Female,0,10,Yes,DSL,70.91,680.85,No
CUST00381,Female,0,25,No,Fiber optic,86.03,2104.7,Yes
CUST00382,Male,1,47,No,DSL,25.82,1647.44,No
CUST00383,Male,1,52,No,Fiber optic,52.72,2634.37,Yes
CUST00384,Male,0,50,No,No,38.61,1454.38,No
CUST00385,Male,0,36,No,Fiber optic,29.14,1036.89,No
CUST00386,Male,1,64,No,DSL,30.89,1490.18,No
CUST00387,Male,0,12,No,DSL,64.55,666.99,No
CUST00388,Male,0,25,Yes,DSL,98.94,2308.56,No
CUST00389,Female,0,3,No,No,85.72,246.84,Yes
CUST00390,Female,0,1,Yes,No,80.05,89.39,No
CUST00391,Female,0,10,No,DSL,83.54,,Yes
CUST00392,Male,0,25,No,Fiber optic,42.8,1075.84,No
CUST00393,Female,0,39,No,DSL,28.58,1088.09,No
CUST00394,Male,0,6,Yes,DSL,100.82,577.39,Yes
CUST00395,Male,0,11,No,DSL,82.31,958.29,Yes
CUST00396,Female,0,23,Yes,No,48.32,1086.91,No
CUST00397,Male,0,30,No,No,43.15,1089.86,No
CUST00398,Male,0,63,Yes,No,72.65,4115.77,No
CUST00399,Female,0,5,Yes,Fiber optic,102.95,501.42,Yes
CUST00400,Female,1,67,No,DSL,20.14,1008.11,No
CUST00401,Male,0,26,Yes,Fiber optic,83.72,1944.3,No
CUST00402,Female,0,14,Yes,DSL,98.94,1428.7,No
CUST00403,Female,0,64,No,Fiber optic,26.01,,No
CUST00404,Female,1,67,No,DSL,73.43,4900.51,Yes
CUST00405,Male,0,9,No,Fiber optic,92.91,843.32,Yes
CUST00406,Female,0,59,Yes,DSL,67.47,4433.63,No
CUST00407,Female,0,70,No,Fiber optic,51.14,3749.33,No
CUST00408,Male,0,1,Yes,DSL,109.54,118.85,No
CUST00409,Male,0,9,No,No,97.28,835.31,Yes
CUST00410,Male,1,16,Yes,Fiber optic,66.47,1138.22,Yes
CUST00411,Male,0,10,Yes,DSL,99.08,925.17,Yes
CUST00412,Male,0,3,Yes,DSL,90.18,279.59,Yes
CUST00413,Male,0,52,No,Fiber optic,61.14,3305.34,No
CUST00414,Male,0,11,No,No,73.42,729.93,No
CUST00415,Male,0,71,Yes,DSL,38.88,2267.19,No
CUST00416,Male,0,5,Yes,Fiber optic,79.67,434.37,No
CUST00417,Female,0,70,No,Fiber optic,50.25,2962.96,No
CUST00418,Male,0,47,Yes,No,91.0,4299.5,No
CUST00419,Female,0,5,No,Fiber optic,103.23,501.65,No
CUST00420,Female,0,12,No,DSL,49.11,,No
CUST00421,Female,0,5,Yes,DSL,93.94,488.74,Yes
CUST00422,Female,0,67,No,Fiber optic,49.55,3324.01,No
CUST00423,Male,1,6,No,DSL,63.99,384.24,Yes
CUST00424,Female,0,10,No,DSL,72.34,631.67,Yes
CUST00425,Male,0,4,Yes,No,69.9,,No
CUST00426,Female,0,1,No,Fiber optic,62.86,55.62,No
CUST00427,Female,1,21,No,DSL,91.3,1977.33,No
CUST00428,Female,0,37,No,No,66.36,2328.12,No
CUST00429,Male,1,32,No,No,49.07,1296.24,No
CUST00430,Female,0,69,No,DSL,22.09,1292.84,No
CUST00431,Male,0,23,No,DSL,37.14,930.75,No
CUST00432,Male,0,60,No,Fiber optic,97.24,6131.59,No
CUST00433,Female,0,11,Yes,DSL,87.09,964.35,No
CUST00434,Male,1,12,No,DSL,57.39,682.29,No
CUST00435,Female,0,8,Yes,Fiber optic,83.72,659.36,Yes
CUST00436,Female,0,71,Yes,Fiber optic,76.72,4876.3,No
CUST00437,Male,1,0,Yes,DSL,84.45,,No
CUST00438,Male,0,29,No,Fiber optic,35.06,791.38,No
CUST00439,Male,1,65,Yes,Fiber optic,57.39,3427.49,No
CUST00440,Male,0,1,Yes,DSL,98.55,91.02,No
CUST00441,Female,1,33,No,Fiber optic,97.28,3375.77,No
CUST00442,Male,0,63,Yes,DSL,23.64,1611.56,No
CUST00443,Female,1,4,Yes,No,97.0,414.1,No
CUST00444,Male,0,66,Yes,DSL,59.43,3922.34,No
CUST00445,Male,0,65,No,No,39.84,2949.73,No
CUST00446,Male,1,40,Yes,Fiber optic,76.93,2750.52,Yes
CUST00447,Male,1,14,Yes,Fiber optic,93.94,1357.31,Yes
CUST00448,Female,0,58,No,No,26.38,1026.82,No
CUST00449,Male,0,53,No,No,20.88,940.88,No
CUST00450,Female,0,64,No,Fiber optic,94.75,5628.21,No
CUST00451,Male,0,2,Yes,DSL,84.73,152.58,Yes
CUST00452,Female,0,4,No,Fiber optic,105.49,392.81,No
CUST00453,Male,1,4,Yes,DSL,92.95,409.58,Yes
CUST00454,Female,0,20,No,No,26.44,467.56,No
CUST00455,Male,0,20,Yes,DSL,55.1,931.24,No
CUST00456,Female,0,13,No,DSL,95.93,1301.8,No
CUST00457,Female,0,70,No,DSL,26.87,,No
CUST00458,Male,1,12,Yes,DSL,85.01,1084.97,No
CUST00459,Male,0,23,No,Fiber optic,62.3,1437.3,Yes
CUST00460,Female,0,22,Yes,DSL,55.42,1073.87,No
CUST00461,Male,0,2,No,DSL,86.49,,Yes
CUST00462,Male,0,37,No,Fiber optic,50.9,2000.98,No
CUST00463,Female,0,61,Yes,Fiber optic,51.23,3478.49,No
CUST00464,Male,0,10,No,No,65.76,622.27,No
CUST00465,Male,0,68,Yes,No,36.16,,No
CUST00466,Male,0,37,Yes,Fiber optic,31.26,1286.4,Yes
CUST00467,Female,0,12,Yes,Fiber optic,52.01,521.59,No
CUST00468,Female,0,0,No,DSL,91.94,,Yes
CUST00469,Female,0,11,Yes,DSL,94.94,,No
CUST00470,Male,0,57,No,DSL,36.92,1794.05,No
CUST00471,Female,0,1,No,Fiber optic,103.68,108.06,Yes
CUST00472,Male,0,66,No,Fiber optic,96.93,6880.41,No
CUST00473,Male,0,59,No,DSL,51.4,2885.08,No
CUST00474,Male,0,9,Yes,No,64.09,610.12,No
CUST00475,Male,1,4,No,Fiber optic,103.01,437.56,Yes
CUST00476,Male,1,11,No,DSL,67.34,734.59,No
CUST00477,Female,0,10,No,Fiber optic,63.82,567.18,No
CUST00478,Male,0,7,No,DSL,102.1,738.16,Yes
CUST00479,Female,1,8,No,Fiber optic,92.66,805.11,Yes
CUST00480,Male,0,4,No,Fiber optic,75.86,312.52,No
CUST00481,Male,0,14,No,Fiber optic,82.44,1227.29,Yes
CUST00482,Male,0,41,No,Fiber optic,29.56,832.46,Yes
CUST00483,Male,0,5,No,DSL,109.65,546.01,Yes
CUST00484,Female,1,72,No,No,20.15,1114.72,No
CUST00485,Male,0,10,No,Fiber optic,62.1,657.09,No
CUST00486,Female,1,70,Yes,No,32.4,1581.29,Yes
CUST00487,Male,0,42,Yes,DSL,22.17,1081.49,No
CUST00488,Male,0,3,No,DSL,79.75,244.24,Yes
CUST00489,Female,0,8,Yes,DSL,76.46,538.65,Yes
CUST00490,Male,0,39,Yes,Fiber optic,91.73,3851.34,No
CUST00491,Female,0,43,No,DSL,95.98,3737.48,No
CUST00492,Male,1,51,No,Fiber optic,76.34,4003.37,Yes
CUST00493,Male,1,11,Yes,DSL,108.35,1269.26,Yes
CUST00494,Female,0,2,Yes,DSL,62.84,119.03,No
CUST00495,Male,0,5,Yes,Fiber optic,107.45,564.38,Yes
CUST00496,Male,0,1,No,DSL,102.05,99.47,No
CUST00497,Female,1,28,Yes,Fiber optic,68.73,2130.51,Yes
CUST00498,Female,1,12,Yes,DSL,46.37,507.21,Yes
CUST00499,Female,1,0,Yes,Fiber optic,90.66,,Yes
CUST00500,Female,0,69,No,Fiber optic,54.83,3630.5,No
CUST00501,Female,0,45,No,Fiber optic,88.77,4435.84,Yes
CUST00502,Male,0,67,Yes,DSL,27.31,2483.2,No
CUST00503,Male,0,63,No,Fiber optic,24.66,2178.97,Yes
CUST00504,Female,0,2,Yes,No,80.79,142.5,Yes
CUST00505,Male,0,47,No,DSL,24.29,1028.22,No
CUST00506,Female,1,71,No,DSL,43.46,2611.32,Yes
CUST00507,Female,0,26,Yes,Fiber optic,99.74,2707.44,No
CUST00508,Male,0,11,No,Fiber optic,61.2,662.33,No
CUST00509,Female,0,11,No,Fiber optic,87.75,866.21,No
CUST00510,Male,0,25,No,No,70.8,1983.67,No
CUST00511,Male,0,6,Yes,Fiber optic,66.35,357.87,No
CUST00512,Female,0,12,No,DSL,37.06,474.07,No
CUST00513,Female,0,30,No,No,54.86,1797.57,No
CUST00514,Female,1,2,Yes,Fiber optic,71.21,149.47,No
CUST00515,Female,0,31,Yes,DSL,67.19,1929.54,No
CUST00516,Female,1,1,No,DSL,88.08,86.43,Yes
CUST00517,Female,0,52,No,DSL,53.59,3021.41,No
CUST00518,Male,1,5,Yes,Fiber optic,86.67,457.87,No
CUST00519,Male,0,2,Yes,Fiber optic,108.45,221.66,Yes
CUST00520,Male,0,42,Yes,Fiber optic,87.28,3370.06,No
CUST00521,Female,0,7,No,No,85.02,542.58,No
CUST00522,Female,0,6,No,DSL,107.37,630.4,Yes
CUST00523,Female,0,21,No,No,56.43,1021.71,No
CUST00524,Female,0,4,Yes,No,63.48,232.87,No
CUST00525,Male,0,38,No,Fiber optic,70.88,2502.02,No
CUST00526,Male,0,8,No,DSL,72.0,564.01,Yes
CUST00527,Male,0,10,Yes,Fiber optic,82.17,767.15,Yes
CUST00528,Female,0,52,Yes,Fiber optic,63.21,3418.88,No
CUST00529,Female,0,18,Yes,Fiber optic,85.87,1708.3,No
CUST00530,Female,0,1,No,No,70.29,61.33,No
CUST00531,Male,1,31,Yes,DSL,25.34,704.62,No
CUST00532,Female,0,38,Yes,DSL,62.05,2114.64,No
CUST00533,Male,0,12,No,No,33.24,,No
CUST00534,Male,0,19,No,Fiber optic,48.88,897.57,No
CUST00535,Female,1,3,Yes,No,75.89,,No
CUST00536,Male,1,10,Yes,Fiber optic,97.81,1038.85,No
CUST00537,Male,0,38,Yes,Fiber optic,51.51,1844.46,No
CUST00538,Male,0,5,Yes,DSL,77.4,352.41,No
CUST00539,Female,0,34,Yes,Fiber optic,27.98,1146.33,No
CUST00540,Male,1,63,No,No,95.2,5588.47,No
CUST00541,Male,1,2,Yes,DSL,92.78,188.3,Yes
CUST00542,Female,1,71,Yes,DSL,60.96,3835.65,Yes
CUST00543,Female,0,10,No,Fiber optic,87.05,937.98,Yes
CUST00544,Male,1,45,Yes,Fiber optic,54.23,2798.02,No
CUST00545,Female,0,65,Yes,DSL,68.03,4057.21,No
CUST00546,Female,0,6,Yes,DSL,65.88,443.34,No
CUST00547,Male,1,9,No,No,61.99,575.2,Yes
CUST00548,Male,0,10,No,No,106.46,1141.64,Yes
CUST00549,Female,0,62,No,DSL,62.78,3780.93,No
CUST00550,Female,0,51,No,DSL,91.35,,No
CUST00551,Female,1,50,No,DSL,81.53,3766.28,No
CUST00552,Male,0,5,Yes,DSL,95.32,482.2,Yes
CUST00553,Female,1,67,Yes,Fiber optic,76.84,4611.51,Yes
CUST00554,Male,1,1,Yes,Fiber optic,105.61,115.42,Yes
CUST00555,Male,0,2,No,DSL,62.12,108.76,No
CUST00556,Female,0,55,Yes,Fiber optic,45.3,,No
CUST00557,Female,0,67,Yes,No,55.95,4409.53,No
CUST00558,Male,0,8,No,DSL,70.85,594.46,Yes
CUST00559,Male,0,33,Yes,No,28.0,981.46,No
CUST00560,Male,1,11,Yes,DSL,90.11,884.88,Yes
CUST00561,Female,0,11,Yes,DSL,101.5,1210.27,No
CUST00562,Female,0,24,No,DSL,58.1,1518.78,No
CUST00563,Female,1,3,Yes,Fiber optic,105.08,302.43,Yes
CUST00564,Male,0,50,No,No,53.71,2718.6,No
CUST00565,Female,0,1,No,DSL,70.64,68.3,Yes
CUST00566,Male,0,54,Yes,No,63.45,3423.41,No
CUST00567,Female,0,71,Yes,DSL,45.46,3211.64,No
CUST00568,Male,0,12,Yes,Fiber optic,48.74,634.28,No
CUST00569,Female,0,3,No,DSL,93.17,282.95,No
CUST00570,Female,1,51,No,DSL,87.7,3980.62,Yes
CUST00571,Male,0,25,Yes,No,90.03,2274.75,No
CUST00572,Female,0,32,Yes,Fiber optic,70.4,2230.15,No
CUST00573,Male,0,18,Yes,DSL,63.1,1206.48,No
CUST00574,Female,0,17,Yes,DSL,43.85,726.48,No
CUST00575,Female,0,24,No,DSL,34.79,,No
CUST00576,Female,0,48,No,DSL,96.43,4529.52,No
CUST00577,Female,0,61,No,DSL,29.99,1397.31,No
CUST00578,Male,0,58,No,No,30.93,1762.95,No
CUST00579,Male,1,3,Yes,Fiber optic,97.4,315.98,Yes
CUST00580,Male,0,65,No,Fiber optic,48.1,,Yes
CUST00581,Male,0,71,No,Fiber optic,26.14,2059.12,No
CUST00582,Female,0,60,No,DSL,97.38,6399.22,No
CUST00583,Female,1,51,Yes,DSL,20.6,,No
CUST00584,Male,0,33,No,Fiber optic,93.18,3078.42,No
CUST00585,Female,0,3,No,Fiber optic,65.84,170.29,No
CUST00586,Male,0,71,Yes,DSL,86.52,6374.76,No
CUST00587,Female,0,3,Yes,Fiber optic,61.92,199.51,Yes
CUST00588,Female,0,69,Yes,DSL,29.25,2127.6,No
CUST00589,Female,0,63,Yes,DSL,59.85,3450.1,No
CUST00590,Female,0,36,No,Fiber optic,25.09,1020.99,No
CUST00591,Male,0,29,Yes,DSL,86.79,2586.92,No
CUST00592,Male,1,65,No,DSL,59.49,4369.05,No
CUST00593,Female,0,35,Yes,Fiber optic,40.33,1550.98,No
CUST00594,Female,1,7,No,Fiber optic,89.94,641.97,No
CUST00595,Male,0,5,Yes,Fiber optic,98.09,455.48,Yes
CUST00596,Male,0,63,No,DSL,73.52,5011.24,No
CUST00597,Female,1,49,Yes,Fiber optic,44.32,2221.31,No
CUST00598,Male,1,8,Yes,No,108.19,884.83,No
CUST00599,Male,0,25,No,DSL,76.94,2065.17,No
CUST00600,Male,0,47,No,DSL,85.05,3859.7,No
CUST00601,Female,0,12,Yes,Fiber optic,42.0,481.75,No
CUST00602,Female,1,38,No,DSL,56.48,2219.82,No
CUST00603,Female,0,27,No,Fiber optic,53.09,1347.01,No
CUST00604,Male,0,66,Yes,DSL,58.56,3614.26,No
CUST00605,Female,0,45,Yes,DSL,89.78,3612.62,No
CUST00606,Female,0,8,No,Fiber optic,95.82,744.38,No
CUST00607,Female,1,6,No,Fiber optic,68.15,395.87,No
CUST00608,Male,0,20,No,Fiber optic,55.71,1049.89,No
CUST00609,Male,1,12,No,DSL,31.09,261.14,No
CUST00610,Male,0,1,Yes,Fiber optic,103.22,112.74,No
CUST00611,Female,0,13,No,Fiber optic,24.66,223.8,No
CUST00612,Male,1,20,No,Fiber optic,77.63,1405.17,No
CUST00613,Male,0,10,No,DSL,80.61,856.88,No
CUST00614,Female,0,1,No,DSL,108.65,,Yes
CUST00615,Male,0,6,Yes,DSL,88.84,498.19,No
CUST00616,Female,0,27,No,DSL,95.43,2424.76,No
CUST00617,Female,0,37,Yes,DSL,55.11,1995.73,No
CUST00618,Male,0,1,Yes,No,100.34,,Yes
CUST00619,Female,1,5,No,Fiber optic,105.31,,No
CUST00620,Female,0,10,No,No,74.65,700.8,Yes
CUST00621,Female,1,50,No,No,31.36,1200.0,Yes
CUST00622,Male,0,18,Yes,No,62.81,1224.7,No
CUST00623,Male,0,36,Yes,DSL,97.86,3521.27,No
CUST00624,Male,0,3,Yes,DSL,106.03,308.15,Yes
CUST00625,Female,0,3,Yes,Fiber optic,91.37,254.88,Yes
CUST00626,Female,1,48,Yes,No,30.08,1804.05,Yes
CUST00627,Male,1,6,No,No,95.58,,Yes
CUST00628,Female,0,10,No,Fiber optic,62.57,725.59,No
CUST00629,Female,0,57,Yes,DSL,48.25,2943.78,No
CUST00630,Female,1,15,Yes,Fiber optic,63.64,1088.03,No
CUST00631,Female,0,11,Yes,DSL,86.62,1030.4,No
CUST00632,Male,1,3,Yes,Fiber optic,61.5,162.34,No
CUST00633,Female,0,27,Yes,Fiber optic,68.03,1941.2,No
CUST00634,Female,0,33,No,Fiber optic,47.56,1374.09,Yes
CUST00635,Male,0,8,Yes,Fiber optic,66.4,556.0,No
CUST00636,Male,0,42,No,DSL,97.01,3860.03,No
CUST00637,Male,0,16,Yes,No,94.03,1505.76,No
CUST00638,Female,0,53,Yes,DSL,36.12,1626.06,No
CUST00639,Male,1,67,Yes,No,57.85,3302.68,No
CUST00640,Male,1,67,Yes,No,45.95,3165.42,No
CUST00641,Female,0,26,Yes,Fiber optic,26.2,683.24,No
CUST00642,Female,0,41,No,DSL,76.74,3132.23,No
CUST00643,Male,0,33,No,DSL,97.95,3424.63,No
CUST00644,Male,0,48,No,No,84.24,4143.13,No
CUST00645,Female,0,11,No,Fiber optic,100.14,1142.78,No
CUST00646,Female,0,32,Yes,DSL,28.69,743.56,No
CUST00647,Male,0,49,No,DSL,27.69,1162.88,No
CUST00648,Male,0,50,No,DSL,79.88,4157.07,No
CUST00649,Male,1,37,Yes,DSL,98.38,3896.94,No
CUST00650,Female,0,70,No,Fiber optic,90.75,6488.97,No
CUST00651,Female,0,26,Yes,DSL,58.73,1464.84,No
CUST00652,Male,0,0,No,Fiber optic,73.13,,Yes
CUST00653,Female,0,32,Yes,DSL,57.35,1895.09,No
CUST00654,Male,0,41,No,DSL,21.88,1284.81,No
CUST00655,Male,0,27,Yes,No,25.85,776.94,No
CUST00656,Male,1,9,Yes,DSL,105.26,995.81,No
CUST00657,Male,0,7,No,DSL,89.39,624.74,No
CUST00658,Male,0,11,Yes,Fiber optic,93.34,962.42,No
CUST00659,Male,1,31,Yes,Fiber optic,67.78,1863.7,Yes
CUST00660,Female,0,11,No,DSL,100.44,1088.11,Yes
CUST00661,Male,0,12,Yes,DSL,40.23,380.7,No
CUST00662,Male,0,0,No,Fiber optic,64.23,,No
CUST00663,Male,0,52,Yes,DSL,36.47,1871.04,No
CUST00664,Female,0,52,Yes,Fiber optic,65.63,3486.27,Yes
CUST00665,Female,1,21,No,No,52.18,1281.34,No
CUST00666,Female,1,6,No,DSL,93.49,594.36,No
CUST00667,Female,0,55,No,Fiber optic,63.75,3851.38,Yes
CUST00668,Female,0,3,No,No,69.71,,No
CUST00669,Female,0,13,No,Fiber optic,84.35,989.49,Yes
CUST00670,Male,0,5,Yes,Fiber optic,85.23,426.43,Yes
CUST00671,Male,0,12,Yes,Fiber optic,54.3,540.87,No
CUST00672,Male,0,53,Yes,No,69.3,3881.51,No
CUST00673,Male,0,41,No,No,41.89,1764.62,No
CUST00674,Female,0,51,No,No,93.83,4801.71,No
CUST00675,Male,0,30,No,DSL,59.1,2017.83,No
CUST00676,Female,1,48,Yes,No,60.02,3140.24,Yes
CUST00677,Male,0,26,Yes,Fiber optic,36.79,1049.51,Yes
CUST00678,Male,0,2,Yes,Fiber optic,87.0,187.09,No
CUST00679,Male,0,71,Yes,DSL,26.76,1371.58,No
CUST00680,Female,0,52,Yes,Fiber optic,40.21,2569.35,No
CUST00681,Female,0,10,Yes,No,74.69,819.78,Yes
CUST00682,Male,0,19,Yes,DSL,97.43,1844.8,No
CUST00683,Female,0,1,Yes,DSL,108.92,110.04,Yes
CUST00684,Female,0,48,No,Fiber optic,88.06,4056.03,No
CUST00685,Female,0,46,Yes,DSL,76.46,3415.22,No
CUST00686,Female,0,14,Yes,Fiber optic,98.94,1412.42,No
CUST00687,Female,0,54,Yes,DSL,40.94,2045.58,No
CUST00688,Male,1,2,Yes,DSL,75.01,150.48,No
CUST00689,Female,0,44,No,DSL,42.58,2023.87,No
CUST00690,Male,0,37,Yes,Fiber optic,21.95,1154.66,No
CUST00691,Female,0,57,Yes,No,45.76,2077.7,No
CUST00692,Male,1,4,No,Fiber optic,92.44,390.14,No
CUST00693,Male,1,42,Yes,DSL,61.32,2346.47,Yes
CUST00694,Male,0,56,Yes,Fiber optic,31.15,1256.67,Yes
CUST00695,Male,0,8,No,DSL,100.26,778.88,Yes
CUST00696,Male,0,55,No,Fiber optic,46.98,2479.37,No
CUST00697,Female,0,25,No,DSL,84.05,2114.92,No
CUST00698,Female,0,12,Yes,No,82.23,938.36,No
CUST00699,Male,0,43,Yes,Fiber optic,29.05,1530.6,Yes
CUST00700,Female,0,46,No,Fiber optic,99.36,,No
CUST00701,Male,1,63,No,DSL,72.55,4459.52,Yes
CUST00702,Female,0,32,Yes,DSL,93.43,2692.48,No
CUST00703,Male,1,15,No,DSL,91.45,1272.95,No
CUST00704,Male,0,6,No,Fiber optic,64.09,416.46,No
CUST00705,Male,0,8,No,Fiber optic,94.79,678.39,Yes
CUST00706,Male,0,0,Yes,No,64.53,,No
CUST00707,Female,0,27,No,Fiber optic,25.78,467.54,Yes
CUST00708,Female,0,62,Yes,No,24.44,1969.35,No
CUST00709,Male,0,50,No,DSL,60.9,3036.19,No
CUST00710,Male,1,3,Yes,Fiber optic,74.22,252.25,No
CUST00711,Male,0,63,No,DSL,98.28,6665.19,No
CUST00712,Male,0,0,No,Fiber optic,90.41,,Yes
CUST00713,Male,0,27,Yes,DSL,68.47,1813.03,No
CUST00714,Male,0,2,No,No,93.11,173.45,Yes
CUST00715,Male,0,52,Yes,No,64.54,3065.92,No
CUST00716,Male,0,67,Yes,No,59.69,4473.41,No
CUST00717,Female,0,8,No,DSL,105.92,908.21,No
CUST00718,Male,0,36,Yes,DSL,67.71,2192.63,No
CUST00719,Male,0,43,No,No,79.86,3342.36,No
CUST00720,Female,0,37,No,No,66.28,2616.54,No
CUST00721,Female,0,10,No,DSL,61.42,565.12,No
CUST00722,Female,0,30,No,DSL,44.53,1442.28,No
CUST00723,Female,0,68,No,Fiber optic,80.31,6023.9,No
CUST00724,Female,0,64,Yes,DSL,85.26,,No
CUST00725,Male,0,44,Yes,DSL,51.24,,No
CUST00726,Male,0,0,Yes,Fiber optic,66.02,,No
CUST00727,Male,0,5,No,Fiber optic,87.52,455.69,Yes
CUST00728,Male,0,11,No,No,82.53,881.73,No
CUST00729,Female,0,25,No,No,71.24,1724.63,No
CUST00730,Male,0,0,No,DSL,63.0,,No
CUST00731,Male,0,6,Yes,DSL,72.63,391.89,Yes
CUST00732,Male,0,46,No,No,33.75,1263.98,No
CUST00733,Female,0,10,No,DSL,86.15,935.07,No
CUST00734,Female,0,5,No,Fiber optic,82.05,457.39,No
CUST00735,Male,0,60,Yes,Fiber optic,73.07,3885.83,No
CUST00736,Male,0,6,Yes,Fiber optic,102.32,606.85,No
CUST00737,Female,1,62,No,DSL,39.59,3003.74,Yes
CUST00738,Male,1,10,Yes,Fiber optic,92.19,,Yes
CUST00739,Male,0,19,No,DSL,60.85,1303.53,No
CUST00740,Male,1,12,No,DSL,65.61,785.95,No
CUST00741,Female,0,28,No,DSL,93.64,2825.75,No
CUST00742,Female,1,35,No,No,69.53,2740.61,Yes
CUST00743,Male,0,12,No,Fiber optic,55.83,590.39,No
CUST00744,Female,0,12,Yes,No,98.92,1135.1,No
CUST00745,Male,0,8,Yes,DSL,60.9,544.5,No
CUST00746,Female,0,1,Yes,Fiber optic,68.14,63.42,No
CUST00747,Female,0,34,Yes,No,65.29,1965.91,No
CUST00748,Female,0,55,No,No,36.51,2160.46,No
CUST00749,Female,0,8,No,Fiber optic,100.59,733.42,Yes
CUST00750,Male,1,50,Yes,Fiber optic,55.48,2770.38,No
CUST00751,Female,1,54,Yes,Fiber optic,95.22,5462.73,Yes
CUST00752,Male,1,37,Yes,Fiber optic,66.33,2771.46,No
CUST00753,Female,0,34,Yes,Fiber optic,23.7,657.83,No
CUST00754,Male,0,5,Yes,DSL,72.15,364.19,Yes
CUST00755,Female,0,18,Yes,No,48.28,914.08,No
CUST00756,Male,0,53,No,No,37.0,2394.24,No
CUST00757,Female,0,50,Yes,DSL,83.06,3882.78,No
CUST00758,Male,0,8,No,Fiber optic,69.66,625.04,Yes
CUST00759,Female,1,70,No,DSL,95.42,6381.19,No
CUST00760,Female,0,57,Yes,Fiber optic,40.35,2339.42,No
CUST00761,Female,0,4,No,DSL,98.55,395.11,No
CUST00762,Male,0,7,Yes,DSL,82.57,608.23,No
CUST00763,Female,0,6,Yes,No,63.97,357.88,No
CUST00764,Male,0,9,Yes,DSL,73.99,643.78,No
CUST00765,Male,0,6,No,DSL,94.45,610.81,Yes
CUST00766,Female,0,11,No,Fiber optic,102.6,1126.8,Yes
CUST00767,Male,1,67,Yes,No,20.35,913.76,No
CUST00768,Male,0,71,Yes,Fiber optic,88.05,5782.7,Yes
CUST00769,Male,0,65,Yes,No,28.37,1814.75,No
CUST00770,Male,0,20,Yes,Fiber optic,29.47,583.14,No
CUST00771,Male,0,68,No,Fiber optic,41.16,3116.52,No
CUST00772,Male,0,8,No,Fiber optic,82.89,607.89,Yes
CUST00773,Male,0,3,Yes,DSL,66.65,204.19,No
CUST00774,Male,0,37,No,Fiber optic,45.41,1779.26,No
CUST00775,Female,0,58,No,No,30.91,2021.82,No
CUST00776,Female,0,22,Yes,Fiber optic,66.22,1413.38,No
CUST00777,Female,1,54,Yes,Fiber optic,48.82,2912.26,Yes
CUST00778,Male,0,9,No,DSL,107.59,971.09,Yes
CUST00779,Male,0,31,No,Fiber optic,62.46,1749.89,No
CUST00780,Male,0,48,Yes,Fiber optic,63.47,2790.23,No
CUST00781,Male,0,46,No,DSL,42.33,2151.8,No
CUST00782,Male,0,8,Yes,Fiber optic,80.2,672.86,Yes
CUST00783,Male,0,11,No,DSL,90.65,1085.19,No
CUST00784,Male,0,1,Yes,DSL,101.64,107.93,Yes
CUST00785,Male,0,3,Yes,DSL,98.09,295.05,Yes
CUST00786,Male,0,60,No,Fiber optic,38.88,1975.9,No
CUST00787,Male,0,56,Yes,No,81.76,,No
CUST00788,Male,0,58,Yes,No,39.89,2294.76,No
CUST00789,Male,0,11,Yes,DSL,83.34,988.75,Yes
CUST00790,Female,0,16,No,Fiber optic,25.05,386.53,No
CUST00791,Male,0,10,Yes,Fiber optic,77.31,812.44,Yes
CUST00792,Male,1,31,Yes,No,79.68,2528.4,No
CUST00793,Female,0,5,No,DSL,62.71,337.07,No
CUST00794,Male,0,39,No,Fiber optic,86.79,3348.74,Yes
CUST00795,Female,1,4,No,No,63.82,240.74,No
CUST00796,Female,0,38,Yes,Fiber optic,95.39,,No
CUST00797,Male,0,54,Yes,Fiber optic,23.55,1323.81,No
CUST00798,Female,0,53,No,DSL,50.02,2390.55,No
CUST00799,Female,0,9,No,Fiber optic,108.63,1049.51,Yes
CUST00800,Female,1,18,Yes,Fiber optic,88.09,1430.33,Yes
CUST00801,Female,0,56,Yes,Fiber optic,57.77,2695.77,No
CUST00802,Female,0,34,No,Fiber optic,27.88,1013.04,No
CUST00803,Male,0,3,Yes,No,65.03,223.18,No
CUST00804,Female,0,50,Yes,Fiber optic,72.6,4012.73,Yes
CUST00805,Male,0,44,No,DSL,20.13,1147.84,No
CUST00806,Male,0,7,No,No,103.1,727.75,No
CUST00807,Female,0,11,Yes,DSL,86.15,1030.46,No
CUST00808,Male,0,16,Yes,Fiber optic,86.27,1252.82,Yes
CUST00809,Male,0,24,Yes,DSL,21.79,670.03,No
CUST00810,Female,0,2,No,No,102.04,198.51,Yes
CUST00811,Female,0,65,No,No,76.87,4699.14,No
CUST00812,Female,0,42,Yes,Fiber optic,67.47,3252.86,No
CUST00813,Male,0,65,Yes,Fiber optic,73.33,5240.31,Yes
CUST00814,Female,0,4,No,No,68.59,269.72,No
CUST00815,Male,0,11,Yes,DSL,91.17,1083.72,No
CUST00816,Male,0,1,No,No,104.88,104.13,No
CUST00817,Female,0,2,No,DSL,106.99,223.26,No
CUST00818,Female,0,18,No,Fiber optic,31.32,425.08,No
CUST00819,Female,1,49,Yes,DSL,72.92,3187.79,Yes
CUST00820,Female,0,1,No,Fiber optic,70.72,61.59,Yes
CUST00821,Female,0,0,No,DSL,82.38,,Yes
CUST00822,Female,1,59,No,Fiber optic,94.23,5287.31,Yes
CUST00823,Male,0,40,No,DSL,42.17,1533.55,No
CUST00824,Male,0,6,Yes,DSL,73.47,444.3,Yes
CUST00825,Male,0,47,Yes,DSL,28.52,1644.39,No
CUST00826,Male,0,59,No,DSL,33.07,2030.88,No
CUST00827,Female,0,26,Yes,Fiber optic,87.92,2245.58,Yes
CUST00828,Female,0,41,Yes,DSL,21.42,763.05,No
CUST00829,Female,0,3,Yes,DSL,102.66,312.88,No
CUST00830,Male,1,40,No,DSL,69.5,2740.54,No
CUST00831,Female,0,10,No,DSL,84.15,861.43,Yes
CUST00832,Male,0,51,Yes,Fiber optic,45.32,2414.46,No
CUST00833,Male,0,12,No,DSL,74.32,810.66,No
CUST00834,Female,0,3,No,Fiber optic,103.72,302.87,Yes
CUST00835,Male,1,3,No,DSL,79.92,219.97,Yes
CUST00836,Female,0,22,Yes,DSL,62.82,1335.01,No
CUST00837,Female,0,1,No,DSL,84.96,91.99,Yes
CUST00838,Male,0,17,No,DSL,88.7,1619.35,No
CUST00839,Female,0,18,No,Fiber optic,48.99,1029.92,No
CUST00840,Male,1,38,No,No,27.17,816.78,Yes
CUST00841,Female,0,26,No,No,39.71,1048.01,No
CUST00842,Male,0,10,No,DSL,90.46,900.15,Yes
CUST00843,Female,0,2,Yes,DSL,60.21,135.41,No
CUST00844,Female,0,2,Yes,DSL,86.1,183.53,Yes
CUST00845,Male,0,3,Yes,No,81.14,240.68,Yes
CUST00846,Male,0,0,Yes,DSL,93.28,,No
CUST00847,Male,0,22,Yes,Fiber optic,42.22,935.39,No
CUST00848,Male,0,21,No,DSL,20.68,261.32,No
CUST00849,Male,1,1,Yes,DSL,102.3,92.6,No
CUST00850,Male,0,50,No,DSL,99.48,,No
CUST00851,Male,0,1,No,DSL,101.41,,No
CUST00852,Female,0,4,No,DSL,79.82,292.08,Yes
CUST00853,Female,0,57,No,No,66.98,3609.3,No
CUST00854,Male,1,42,Yes,No,67.14,2465.91,No
CUST00855,Male,0,7,Yes,DSL,91.62,592.34,Yes
CUST00856,Female,0,44,No,DSL,82.12,4022.59,No
CUST00857,Male,0,66,No,Fiber optic,72.65,5174.88,Yes
CUST00858,Male,0,0,Yes,DSL,87.77,,No
CUST00859,Male,1,18,Yes,Fiber optic,58.72,1224.28,Yes
CUST00860,Female,0,12,No,No,87.78,1163.96,No
CUST00861,Male,0,17,No,DSL,42.11,779.11,No
CUST00862,Female,0,60,Yes,DSL,77.29,4741.75,No
CUST00863,Female,0,62,Yes,Fiber optic,20.34,1779.4,No
CUST00864,Male,0,16,No,Fiber optic,66.19,1071.6,No
CUST00865,Female,0,0,Yes,DSL,82.91,,No
CUST00866,Female,0,26,Yes,Fiber optic,25.09,578.38,No
CUST00867,Female,0,4,No,DSL,68.8,245.54,No
CUST00868,Male,0,48,No,No,92.5,4239.55,No
CUST00869,Female,0,38,Yes,No,94.76,3634.75,No
CUST00870,Male,1,18,Yes,No,94.13,1595.36,Yes
CUST00871,Female,1,34,No,DSL,62.78,2210.62,No
CUST00872,Female,0,31,No,Fiber optic,74.95,2468.49,No
CUST00873,Male,0,38,No,Fiber optic,52.21,2033.46,Yes
CUST00874,Female,1,0,No,Fiber optic,66.57,,No
CUST00875,Female,0,46,No,No,82.89,4222.25,No
CUST00876,Male,0,43,Yes,No,91.89,4299.85,No
CUST00877,Female,0,33,Yes,No,84.22,2862.02,No
CUST00878,Male,0,1,No,Fiber optic,100.49,102.18,No
CUST00879,Female,0,67,No,Fiber optic,45.46,2692.01,No
CUST00880,Female,0,54,Yes,Fiber optic,89.54,4572.09,No
CUST00881,Male,0,71,Yes,Fiber optic,65.72,4570.65,No
CUST00882,Female,0,60,No,Fiber optic,85.74,5613.27,Yes
CUST00883,Female,0,1,No,No,93.6,102.27,No
CUST00884,Male,0,1,Yes,Fiber optic,88.9,98.74,No
CUST00885,Female,0,26,No,DSL,62.11,1651.76,No
CUST00886,Female,1,2,Yes,Fiber optic,74.77,156.95,No
CUST00887,Female,0,68,Yes,Fiber optic,79.9,5168.53,No
CUST00888,Male,0,2,No,DSL,88.37,196.69,Yes
CUST00889,Female,1,43,No,DSL,75.79,,Yes
CUST00890,Male,0,70,No,No,75.29,4918.94,No
CUST00891,Female,1,64,No,Fiber optic,37.02,2105.93,No
CUST00892,Male,0,6,Yes,Fiber optic,72.49,427.53,No
CUST00893,Female,0,8,No,No,75.84,631.1,Yes
CUST00894,Female,1,2,No,DSL,103.87,196.04,No
CUST00895,Female,1,37,No,Fiber optic,80.4,3282.15,No
CUST00896,Female,0,21,No,DSL,29.97,556.13,No
CUST00897,Male,1,13,No,Fiber optic,57.47,805.59,No
CUST00898,Male,0,62,Yes,No,70.87,,No
CUST00899,Male,1,1,Yes,Fiber optic,76.14,84.79,Yes
CUST00900,Female,0,64,No,DSL,58.36,3302.76,No
CUST00901,Male,0,2,No,DSL,109.89,234.72,No
CUST00902,Female,0,62,Yes,DSL,21.5,1870.57,No
CUST00903,Female,0,8,Yes,Fiber optic,82.38,633.02,Yes
CUST00904,Female,0,1,No,No,72.53,82.16,No
CUST00905,Male,0,17,Yes,No,80.69,1339.45,No
CUST00906,Male,0,20,Yes,Fiber optic,71.97,1412.68,No
CUST00907,Female,0,9,No,No,89.52,863.58,No
CUST00908,Female,1,24,Yes,Fiber optic,43.19,813.6,No
CUST00909,Female,0,7,No,Fiber optic,85.63,655.38,Yes
CUST00910,Male,0,54,No,No,45.18,2118.22,No
CUST00911,Male,0,47,Yes,DSL,74.8,3604.08,No
CUST00912,Female,0,67,No,Fiber optic,84.28,5909.59,No
CUST00913,Female,0,26,Yes,Fiber optic,62.26,1616.47,No
CUST00914,Male,0,35,Yes,Fiber optic,79.3,2682.18,No
CUST00915,Male,1,8,Yes,Fiber optic,97.23,720.55,No
CUST00916,Male,1,21,Yes,DSL,98.52,2220.09,No
CUST00917,Female,1,6,No,No,73.01,432.66,No
CUST00918,Female,0,6,No,DSL,79.41,447.25,No
CUST00919,Male,0,7,Yes,DSL,108.37,,No
CUST00920,Male,0,28,Yes,DSL,75.3,2326.73,No
CUST00921,Male,0,3,No,Fiber optic,92.08,256.69,Yes
CUST00922,Female,0,1,Yes,Fiber optic,95.09,103.02,Yes
CUST00923,Male,0,19,Yes,DSL,52.66,1187.91,No
CUST00924,Male,1,63,Yes,Fiber optic,34.32,2577.29,Yes
CUST00925,Male,1,1,Yes,DSL,62.4,66.46,No
CUST00926,Male,1,6,Yes,DSL,74.42,,No
CUST00927,Male,0,52,No,DSL,53.81,2872.28,No
CUST00928,Male,1,14,No,DSL,34.38,467.98,No
CUST00929,Male,1,26,Yes,DSL,67.85,1892.87,No
CUST00930,Female,0,15,Yes,DSL,42.47,580.16,No
CUST00931,Female,0,15,Yes,DSL,56.36,902.5,No
CUST00932,Female,0,35,No,DSL,70.89,2346.91,No
CUST00933,Female,0,16,No,Fiber optic,59.23,1077.38,No
CUST00934,Male,1,47,Yes,DSL,41.57,2300.16,No
CUST00935,Male,1,35,No,DSL,37.28,1280.15,No
CUST00936,Female,0,12,Yes,No,95.09,1096.92,No
CUST00937,Female,0,10,Yes,DSL,71.32,789.83,Yes
CUST00938,Female,0,65,No,Fiber optic,80.68,5218.25,No
CUST00939,Male,0,18,No,Fiber optic,80.8,1553.08,Yes
CUST00940,Female,1,12,No,DSL,92.73,1051.83,Yes
CUST00941,Male,1,1,Yes,Fiber optic,95.75,105.01,Yes
CUST00942,Male,1,12,Yes,DSL,78.77,1040.28,No
CUST00943,Female,0,30,Yes,Fiber optic,78.47,2598.36,Yes
CUST00944,Male,0,69,No,DSL,25.83,2109.04,No
CUST00945,Male,0,16,Yes,DSL,30.97,338.41,No
CUST00946,Male,0,6,No,Fiber optic,91.22,580.22,No
CUST00947,Female,0,9,No,No,103.33,964.53,No
CUST00948,Male,0,10,Yes,Fiber optic,66.7,683.89,No
CUST00949,Male,0,6,Yes,DSL,106.18,645.6,No
CUST00950,Female,1,0,Yes,No,69.87,,No
CUST00951,Female,0,67,Yes,Fiber optic,83.35,5497.27,Yes
CUST00952,Female,1,6,Yes,Fiber optic,87.66,505.57,No
CUST00953,Male,1,29,Yes,No,63.72,1918.83,No
CUST00954,Male,0,38,Yes,DSL,36.6,1728.35,No
CUST00955,Female,1,1,Yes,DSL,91.62,88.89,No
CUST00956,Female,0,12,Yes,No,42.76,438.23,No
CUST00957,Female,0,6,Yes,Fiber optic,94.95,577.32,Yes
CUST00958,Male,0,62,No,Fiber optic,94.39,5796.4,No
CUST00959,Female,0,17,Yes,DSL,51.7,756.51,No
CUST00960,Male,1,2,No,Fiber optic,101.2,214.93,No
CUST00961,Female,0,12,No,No,33.03,383.57,No
CUST00962,Male,0,46,Yes,Fiber optic,91.09,4112.94,No
CUST00963,Female,1,40,No,DSL,47.78,1988.74,No
CUST00964,Male,0,15,Yes,DSL,68.61,1141.18,No
CUST00965,Male,0,67,No,No,33.29,2004.1,No
CUST00966,Female,0,50,Yes,No,26.91,1783.37,No
CUST00967,Female,1,9,No,Fiber optic,69.89,590.85,Yes
CUST00968,Female,0,14,Yes,Fiber optic,37.28,414.76,No
CUST00969,Male,0,12,Yes,Fiber optic,74.93,,Yes
CUST00970,Male,0,63,Yes,Fiber optic,50.08,2765.46,No
CUST00971,Female,0,65,Yes,Fiber optic,64.99,4335.36,No
CUST00972,Female,0,27,Yes,No,69.3,2093.57,No
CUST00973,Female,1,32,Yes,Fiber optic,84.08,2846.61,No
CUST00974,Female,0,7,No,Fiber optic,67.09,,Yes
CUST00975,Female,1,14,No,Fiber optic,36.58,422.73,Yes
CUST00976,Male,0,8,Yes,DSL,63.01,544.01,No
CUST00977,Male,0,8,No,Fiber optic,78.58,587.28,Yes
CUST00978,Female,1,7,Yes,DSL,69.06,449.03,Yes
CUST00979,Male,0,64,No,Fiber optic,88.93,5404.25,No
CUST00980,Female,0,0,Yes,DSL,106.4,,No
CUST00981,Male,1,3,Yes,No,100.45,321.92,No
CUST00982,Female,0,61,Yes,DSL,24.2,1368.45,No
CUST00983,Female,0,70,Yes,Fiber optic,87.54,6564.46,No
CUST00984,Male,0,22,Yes,No,35.08,927.02,No
CUST00985,Female,0,58,Yes,No,22.02,1173.23,No
CUST00986,Female,0,0,No,No,89.48,,Yes
CUST00987,Female,0,57,Yes,Fiber optic,55.47,3606.59,No
CUST00988,Female,0,70,No,Fiber optic,71.79,5026.37,No
CUST00989,Female,0,0,No,Fiber optic,107.86,,Yes
CUST00990,Female,0,16,Yes,DSL,74.51,1094.76,No
CUST00991,Male,0,10,Yes,No,101.92,945.86,No
CUST00992,Male,0,64,No,DSL,99.14,5766.87,No
CUST00993,Male,0,50,No,No,63.9,2867.14,No
CUST00994,Female,0,10,Yes,DSL,105.66,1082.97,No
CUST00995,Male,0,3,No,Fiber optic,85.66,281.59,Yes
CUST00996,Female,0,57,No,DSL,76.63,4041.02,No
CUST00997,Female,0,4,Yes,Fiber optic,107.31,462.23,Yes
CUST00998,Male,1,40,Yes,DSL,64.74,2308.54,No
CUST00999,Male,1,10,No,No,60.43,691.92,No
CUST01000,Female,0,7,Yes,DSL,91.77,624.23,No
